GUID,Number_of_Delayed_Tasks,Delayed_Task_IDs,Delayed_Task_Names,Canonical_IfcClass
00QZwLLXT7$AXr0$Fp9mG3,2,"ST01060, ST01070",Metselwerk,covering
02HIVarzjEeBC9RIQ7iY_p,2,"ST00950, ST00980","Plaatsen kozijnen, Stelwerk buitengevel",window
03AldB3qrAAvfaa6RuJUzJ,2,"ST00950, ST00980","Plaatsen kozijnen, Stelwerk buitengevel",window
04EF5LiTfA4RZLf0tCb8WH,2,"ST01060, ST01070",Metselwerk,wall
052dUpMfPD09pzHEkKEfal,1,ST01060,Metselwerk,wall
05n126i49269b5MIBTFosu,1,ST01060,Metselwerk,wall
083sSiLcDDjQuLPF7VNdaP,2,"ST01060, ST01070",Metselwerk,wall
09YgJlwtPBZPXVROIrWdz0,1,ST00970,Plaatsen kozijnen,door
0BtjZMmBr4jQ$h_8YbD1eu,2,"ST00950, ST00980","Plaatsen kozijnen, Stelwerk buitengevel",window
0G6jFDTXj1wOBP0F9H9SED,1,ST01060,Metselwerk,wall
0GO1TtT4vCm9LdZ0V5HODl,1,ST01060,Metselwerk,wall
0JwKQt9d53DPWNvPH3WQf2,1,ST01060,Metselwerk,wall
0MI_K98an83PrNYwGXJnMb,2,"ST00950, ST00980","Plaatsen kozijnen, Stelwerk buitengevel",window
0Qsap_2Uz3QB0nkJJrzxZi,2,"ST00950, ST00980","Plaatsen kozijnen, Stelwerk buitengevel",window
0UcKNxAODBLvKDpd549zVh,2,"ST00950, ST00980","Plaatsen kozijnen, Stelwerk buitengevel",window
0VUFRCWYz7a9p84p2PrUHf,1,ST01060,Metselwerk,covering
0Vdioymb53rwDlMFXfB5Kt,1,ST01060,Metselwerk,wall
0ZKP7kp499kO5vDBqLnciq,2,"ST01060, ST01070",Metselwerk,covering
0cXyHjurv1a9c0jJJ_GcGw,2,"ST00950, ST00980","Plaatsen kozijnen, Stelwerk buitengevel",window
0diEFMaHf7SwXf4XlCfAXQ,1,ST01060,Metselwerk,wall
0fzgTqKXHB7u3sFJJEDAXx,2,"ST00950, ST00980","Plaatsen kozijnen, Stelwerk buitengevel",window
0gW6p_9cbDu8bX7gLw9$EM,1,ST00970,Plaatsen kozijnen,door
0lVn$Y_759cQUasvxkXfoO,1,ST00970,Plaatsen kozijnen,door
0mFrlT4jPFoPTUKQY3SIyP,2,"ST00950, ST00980","Plaatsen kozijnen, Stelwerk buitengevel",window
0rTlYXMrjEoPv1jZryr$z3,2,"ST00950, ST00980","Plaatsen kozijnen, Stelwerk buitengevel",window
0spKItsIH2hgsjBL98YGqU,1,ST00970,Plaatsen kozijnen,window
0w_ZzqJmnFMf_q_OCzrRwH,1,ST01060,Metselwerk,wall
0yzQUXhUj8FA9tVZ4YFuNy,1,ST01060,Metselwerk,wall
11ZB6hVIz4yeF6qGGTqsTK,1,ST01060,Metselwerk,wall
12Ir6WJNL3lBuUu81v4OAd,2,"ST01060, ST01070",Metselwerk,wall
15EjPocPjBOfjKwlixZDyv,1,ST01060,Metselwerk,wall
16qnjc97v4$ezwYviOdqEx,2,"ST00950, ST00980","Plaatsen kozijnen, Stelwerk buitengevel",window
17EFWx1vD1Hum5L7gdoSJE,2,"ST01060, ST01070",Metselwerk,wall
17hjpq_pjELgDcIq7GfdNQ,2,"ST01000, ST01060","Metselwerk, Prefab betonband",covering
19FgJIPwD8jucZo6nBllsT,2,"ST00950, ST00980","Plaatsen kozijnen, Stelwerk buitengevel",window
1BnpukGqn2OfhJzX1u$fmY,1,ST00970,Plaatsen kozijnen,door
1Djrw09F13cQKRU8ISI2kC,1,ST01060,Metselwerk,wall
1DmBfugHfDovbK1cGlytfG,2,"ST00950, ST00980","Plaatsen kozijnen, Stelwerk buitengevel",window
1FIxVjmW5AyuXkZ5BNcSTz,2,"ST00950, ST00980","Plaatsen kozijnen, Stelwerk buitengevel",window
1JaSVauAr3DuKBcZP1OHya,2,"ST00950, ST00980","Plaatsen kozijnen, Stelwerk buitengevel",window
1JsZEGO116pABACRYwLaXG,1,ST01060,Metselwerk,wall
1RgQmb7jvAARVMAAOA_kBa,1,ST01060,Metselwerk,wall
1U1YAzLAr6du068Uk5p1I9,2,"ST00950, ST00980","Plaatsen kozijnen, Stelwerk buitengevel",window
1UIFjOmkL7u8XBXKE6gJD_,2,"ST00950, ST00980","Plaatsen kozijnen, Stelwerk buitengevel",window
1USOISjXrBuOW_HozfBLrO,2,"ST01060, ST01070",Metselwerk,wall
1V6WFum2502gB6Zpmwm91M,2,"ST00950, ST00980","Plaatsen kozijnen, Stelwerk buitengevel",window
1VpUy6tNbC5v2ybY2e5lF5,2,"ST00950, ST00980","Plaatsen kozijnen, Stelwerk buitengevel",window
1YoDLVnx10VeKSiKFxF84M,2,"ST01060, ST01070",Metselwerk,wall
1cLb84f5z659GgMLiRbePM,2,"ST00950, ST00980","Plaatsen kozijnen, Stelwerk buitengevel",window
1goPNYBYf6SxalewkScIHW,2,"ST00950, ST00980","Plaatsen kozijnen, Stelwerk buitengevel",window
1iFbuwO2zAdeqsgBWxtTnr,2,"ST01000, ST01060","Metselwerk, Prefab betonband",covering
1kyF_ZRC919fQHVmn36MLx,2,"ST00950, ST00980","Plaatsen kozijnen, Stelwerk buitengevel",window
1mPkesLxDBJuzeRFDIOlve,2,"ST00950, ST00980","Plaatsen kozijnen, Stelwerk buitengevel",window
1mxtkANs9AIxzJfMD63Vpg,2,"ST00510, ST01130","Lijmwerk kalkzandsteen elementen, Plaatsen scharnierkap incl. goot en platte daken",slab
1pZaADAbLDyA52TG3wBVJw,1,ST01060,Metselwerk,wall
1q1$DMbCrE8fMg2GJAc1O4,2,"ST00950, ST00980","Plaatsen kozijnen, Stelwerk buitengevel",window
1tfv3CLEz7vePhoqUnnuwC,2,"ST01060, ST01070",Metselwerk,wall
1uDiXkNAD0bA__Hj61ZSaH,2,"ST00950, ST00980","Plaatsen kozijnen, Stelwerk buitengevel",window
1wa9S4OOn4dQHlQyJZR0do,1,ST01060,Metselwerk,wall
1wnkl1qIH8JOvItktWh7KG,2,"ST01060, ST01070",Metselwerk,wall
1wvM6dGsLFa9wMo0HG48jA,1,ST01060,Metselwerk,wall
1z6TD193rE7v7ytRXLHb$s,1,ST01060,Metselwerk,wall
26PEnhIRP84w9lRBxOMn4B,2,"ST00950, ST00980","Plaatsen kozijnen, Stelwerk buitengevel",door
26lh6uwbjFFvjnXEkgUDsb,2,"ST00950, ST00980","Plaatsen kozijnen, Stelwerk buitengevel",window
28TOUy8jvBGhmSM_FOhHFZ,2,"ST01000, ST01060","Metselwerk, Prefab betonband",covering
28y23oYnn9ffNHFtIgG4eV,2,"ST00950, ST00980","Plaatsen kozijnen, Stelwerk buitengevel",window
293nF1gib8rgDF7ysyrGdT,2,"ST00950, ST00980","Plaatsen kozijnen, Stelwerk buitengevel",window
2AteZfCsnB0vn3iJO7wGs6,1,ST00970,Plaatsen kozijnen,door
2DG$Tb0_vFZOtcSmS9XFvD,2,"ST00950, ST00980","Plaatsen kozijnen, Stelwerk buitengevel",window
2GewgmOv5BDuHyyugLQFq3,1,ST01060,Metselwerk,wall
2KJQtc8v9DFul_GLl8NeL2,2,"ST00950, ST00980","Plaatsen kozijnen, Stelwerk buitengevel",window
2XNLxb2W1EcOmRN2I2R6N6,2,"ST00950, ST00980","Plaatsen kozijnen, Stelwerk buitengevel",window
2Y6ETnHMT3BAPh3B2KE7uk,1,ST01060,Metselwerk,wall
2YbsHQNfvCjBrMZ3NJoT2t,2,"ST00950, ST00980","Plaatsen kozijnen, Stelwerk buitengevel",window
2bZlJgvinFyPzBt5fL3V96,2,"ST00950, ST00980","Plaatsen kozijnen, Stelwerk buitengevel",window
2bwbX1D1XARBfofMf2OOEb,1,ST01060,Metselwerk,wall
2cRHAnuOPF0R2b9szL17ra,1,ST01060,Metselwerk,wall
2cpYjRrtv7ggWGJ1eKIfqh,1,ST01060,Metselwerk,wall
2dfOp2CSjF_uuw39m19qLR,1,ST01060,Metselwerk,wallstandardcase
2pugBAXlr1W8YgfhQKA9s8,2,"ST01000, ST01060","Metselwerk, Prefab betonband",covering
2qy6bnjn5FLRNXlTqRgJVC,1,ST01060,Metselwerk,wall
2wzB9QtGr2Eu6odwcvuSii,1,ST01060,Metselwerk,wall
2yGqdBf5P9fOVEaEtNjaHH,2,"ST01000, ST01060","Metselwerk, Prefab betonband",covering
2yHF1PUZj1A8WD1VAeNiiu,1,ST01060,Metselwerk,wall
30lLUpIrn2ZuQyxHk7VhVN,2,"ST00950, ST00980","Plaatsen kozijnen, Stelwerk buitengevel",window
35RN67XT97Yf4RD7yob_aA,2,"ST00950, ST00980","Plaatsen kozijnen, Stelwerk buitengevel",window
3A49M9XoT41xT2ZQVzBDWL,1,ST01060,Metselwerk,wall
3Abfu4cxb8me5idsmMiuQW,1,ST01060,Metselwerk,wall
3CiG04vaX9dhv09XiJC7h9,2,"ST01060, ST01070",Metselwerk,covering
3D886uE8nC_u7gVowVUefH,2,"ST00950, ST00980","Plaatsen kozijnen, Stelwerk buitengevel",window
3DFpyyngv1WBQdB9BEI0nU,1,ST01060,Metselwerk,wall
3DQAcKPffEhwOXIjeyMpIE,1,ST00970,Plaatsen kozijnen,window
3FNr31KWz2POCkPE9OKDKd,2,"ST00950, ST00980","Plaatsen kozijnen, Stelwerk buitengevel",window
3I6o0g8NP88eHPndAy9gn4,1,ST01060,Metselwerk,wall
3IjHPauEj5FuXRrnjZiBjc,2,"ST01000, ST01060","Metselwerk, Prefab betonband",covering
3J$rWxkAT6dPBThmMFnq3D,2,"ST00950, ST00980","Plaatsen kozijnen, Stelwerk buitengevel",window
3JeH1TgU11swcYtanRKEDB,2,"ST00950, ST00980","Plaatsen kozijnen, Stelwerk buitengevel",window
3KXR0dmPz9z88ygv8bEyfC,2,"ST00950, ST00980","Plaatsen kozijnen, Stelwerk buitengevel",window
3MtabSy8f4puHZkXog0Z3d,2,"ST01060, ST01070",Metselwerk,wall
3N_v6bLk90ohUiekjvwfUg,1,ST01060,Metselwerk,covering
3Q1RvU_YPBVg$Q1fKA0eMk,2,"ST00950, ST00980","Plaatsen kozijnen, Stelwerk buitengevel",window
3SO2uOUiP3Dgcarf4b7c6I,2,"ST01000, ST01060","Metselwerk, Prefab betonband",covering
3WVs7bYiv3q99tB5Zb77_R,2,"ST01000, ST01060","Metselwerk, Prefab betonband",covering
3cLN2NeizAc9cVL87UdD1o,2,"ST00950, ST00980","Plaatsen kozijnen, Stelwerk buitengevel",window
3cdRRIm555dRPBMjJlk_ly,2,"ST00950, ST00980","Plaatsen kozijnen, Stelwerk buitengevel",window
3crAg8d312MuSJITDB34Eq,2,"ST00950, ST00980","Plaatsen kozijnen, Stelwerk buitengevel",window
3gaK_nAdLFSBoj7jgT3$_h,1,ST01060,Metselwerk,wall
3ijx2kT49BVvFZhWoW37WY,1,ST01060,Metselwerk,wall
3im2zdKh1FoOc02vbggghz,2,"ST00950, ST00980","Plaatsen kozijnen, Stelwerk buitengevel",window
3iuBHxrKLCNfmlduXhwGgW,2,"ST00950, ST00980","Plaatsen kozijnen, Stelwerk buitengevel",window
3jAqpCbZ5BZgfx_7te3yGX,2,"ST01000, ST01060","Metselwerk, Prefab betonband",covering
3mPK0nx8TE0QLlRNYWpvJ2,2,"ST01000, ST01060","Metselwerk, Prefab betonband",covering
3qI00aCkH6E9cjz8qe6CZ6,2,"ST00950, ST00980","Plaatsen kozijnen, Stelwerk buitengevel",window
3qOlkor2HBSvpamf_gJPd_,2,"ST00950, ST00980","Plaatsen kozijnen, Stelwerk buitengevel",door
3st7cKBzTCWgljW4IsFWpM,1,ST01060,Metselwerk,wall
3tluGaSF578Pu1p8j0vdmu,2,"ST00950, ST00980","Plaatsen kozijnen, Stelwerk buitengevel",window
3wEOZa7WX0Kgfc4wZlFgQa,2,"ST01060, ST01070",Metselwerk,wall
3yTN0URKf82Baf1aBhr$Le,1,ST01060,Metselwerk,wall
3zaIWtl1164ODDOMKPXAPD,2,"ST00510, ST01130","Lijmwerk kalkzandsteen elementen, Plaatsen scharnierkap incl. goot en platte daken",slab
